{"cameraMode":{"drawMode":0,"name":"Shaded","section":"Shading Mode"},"sceneLighting":false,"audioPlay":false,"sceneViewState":{"m_AlwaysRefresh":false,"showFog":true,"showSkybox":false,"showFlares":true,"showImageEffects":true,"showParticleSystems":true,"showVisualEffectGraphs":true,"m_FxEnabled":true},"in2DMode":false,"pivot":{"x":3.164764881134033,"y":1.8348489999771119,"z":-0.6583224534988403},"rotation":{"x":-0.009682861156761647,"y":-0.9811000823974609,"z":0.18645735085010529,"w":-0.050958529114723209},"size":5.3312296867370609,"orthographic":true}