{"cameraMode":{"drawMode":0,"name":"Shaded","section":"Shading Mode"},"sceneLighting":true,"audioPlay":false,"sceneViewState":{"m_AlwaysRefresh":false,"showFog":true,"showSkybox":true,"showFlares":true,"showImageEffects":true,"showParticleSystems":true,"showVisualEffectGraphs":true,"m_FxEnabled":true},"in2DMode":false,"pivot":{"x":-0.021984070539474489,"y":2.8135485649108888,"z":0.016730189323425294},"rotation":{"x":-0.0641711950302124,"y":0.1348995417356491,"z":-0.008751682005822659,"w":-0.9887489080429077},"size":5.355685710906982,"orthographic":true}