{"cameraMode":{"drawMode":0,"name":"Shaded","section":"Shading Mode"},"sceneLighting":false,"audioPlay":false,"sceneViewState":{"m_AlwaysRefresh":false,"showFog":true,"showSkybox":false,"showFlares":true,"showImageEffects":true,"showParticleSystems":true,"showVisualEffectGraphs":true,"m_FxEnabled":true},"in2DMode":false,"pivot":{"x":0.28683018684387209,"y":0.4617576599121094,"z":0.011975765228271485},"rotation":{"x":0.043261993676424029,"y":0.9542559385299683,"z":-0.17099438607692719,"w":0.24142776429653169},"size":3.052366256713867,"orthographic":false}