{"cameraMode":{"drawMode":0,"name":"Shaded","section":"Shading Mode"},"sceneLighting":false,"audioPlay":false,"sceneViewState":{"m_AlwaysRefresh":false,"showFog":true,"showSkybox":false,"showFlares":true,"showImageEffects":true,"showParticleSystems":true,"showVisualEffectGraphs":true,"m_FxEnabled":true},"in2DMode":false,"pivot":{"x":12.8734769821167,"y":2.1029248237609865,"z":0.9806931614875794},"rotation":{"x":-0.10508333891630173,"y":0.02445848286151886,"z":-0.0025852846447378399,"w":-0.9941611289978027},"size":4.247112274169922,"orthographic":true}