{"cameraMode":{"drawMode":0,"name":"Shaded","section":"Shading Mode"},"sceneLighting":false,"audioPlay":false,"sceneViewState":{"m_AlwaysRefresh":false,"showFog":true,"showSkybox":false,"showFlares":true,"showImageEffects":true,"showParticleSystems":true,"showVisualEffectGraphs":true,"m_FxEnabled":true},"in2DMode":false,"pivot":{"x":5.199564456939697,"y":1.0407719612121583,"z":-6.258487701416016e-7},"rotation":{"x":0.0038841417990624906,"y":-0.9927483201026917,"z":0.11548632383346558,"w":0.03337523341178894},"size":4.616290092468262,"orthographic":true}