{"cameraMode":{"drawMode":0,"name":"Shaded","section":"Shading Mode"},"sceneLighting":true,"audioPlay":false,"sceneViewState":{"m_AlwaysRefresh":false,"showFog":true,"showSkybox":true,"showFlares":true,"showImageEffects":true,"showParticleSystems":true,"showVisualEffectGraphs":true,"m_FxEnabled":true},"in2DMode":false,"pivot":{"x":-9.745088577270508,"y":7.362973690032959,"z":111.7837142944336},"rotation":{"x":-0.031043902039527894,"y":-0.7474240660667419,"z":0.035011980682611468,"w":-0.6627085208892822},"size":1.8883002996444703,"orthographic":false}