{"cameraMode":{"drawMode":0,"name":"Shaded","section":"Shading Mode"},"sceneLighting":true,"audioPlay":false,"sceneViewState":{"m_AlwaysRefresh":false,"showFog":true,"showSkybox":true,"showFlares":true,"showImageEffects":true,"showParticleSystems":true,"showVisualEffectGraphs":true,"m_FxEnabled":true},"in2DMode":false,"pivot":{"x":13.014111518859864,"y":4.007883548736572,"z":1.5083916187286378},"rotation":{"x":0.056071698665618899,"y":-0.7059319615364075,"z":0.05624004825949669,"w":0.7038160562515259},"size":5.867481231689453,"orthographic":false}