{"cameraMode":{"drawMode":0,"name":"Shaded","section":"Shading Mode"},"sceneLighting":false,"audioPlay":false,"sceneViewState":{"m_AlwaysRefresh":false,"showFog":true,"showSkybox":false,"showFlares":true,"showImageEffects":true,"showParticleSystems":true,"showVisualEffectGraphs":true,"m_FxEnabled":true},"in2DMode":false,"pivot":{"x":-1.1920928955078126e-7,"y":2.520042657852173,"z":25.55361557006836},"rotation":{"x":-0.04379052668809891,"y":0.015581597574055195,"z":-0.0006833199295215309,"w":-0.998921811580658},"size":3.25138783454895,"orthographic":true}