{"cameraMode":{"drawMode":0,"name":"Shaded","section":"Shading Mode"},"sceneLighting":false,"audioPlay":false,"sceneViewState":{"m_AlwaysRefresh":false,"showFog":true,"showSkybox":false,"showFlares":true,"showImageEffects":true,"showParticleSystems":true,"showVisualEffectGraphs":true,"m_FxEnabled":true},"in2DMode":false,"pivot":{"x":-4.659999847412109,"y":1.831558108329773,"z":26.366291046142579},"rotation":{"x":-0.12298467010259628,"y":-0.014293046668171883,"z":0.0017714651767164469,"w":-0.9923041462898254},"size":2.894594669342041,"orthographic":true}